supplier_id,promotion_id,promotion_name,promotion_fees,promotion_start_date,promotion_end_date
01045g,17625n,Centralized systematic matrices,7218.55,8/23/2022,9/21/2022
50086v,14900u,Public-key upward-trending interface,829.52,2/10/2022,3/10/2022
00337e,96353d,Robust asymmetric projection,4668.52,7/1/2022,7/20/2022
22113y,90129q,Up-sized interactive middleware,306.84,3/26/2022,4/7/2022
57990d,77724z,Versatile clear-thinking toolset,652.74,9/15/2022,10/10/2022
96638u,29694b,Streamlined 4th generation structure,3894.68,9/30/2022,10/30/2022
07698y,23947w,Profit-focused responsive infrastructure,9503.99,6/6/2022,6/17/2022
68102l,32206z,Cross-group regional workforce,6177.23,5/12/2022,6/7/2022
82177n,65005t,Organic didactic throughput,3998.04,2/20/2022,3/6/2022
82371r,91546o,Multi-tiered multi-state neural-net,6312.57,10/4/2022,11/1/2022
04613p,38415x,Open-architected interactive hierarchy,4444.18,9/21/2022,10/1/2022
28851l,02893b,Synergistic bi-directional contingency,1777.05,8/15/2022,9/13/2022
38526q,77867z,Synergized multi-state toolset,298.12,3/4/2022,3/28/2022
09659b,60713y,Visionary mission-critical standardization,3873.53,9/23/2022,10/11/2022
83093a,02300h,Progressive 24 hour contingency,8856.86,9/18/2022,9/28/2022
60719m,31002i,Programmable optimal concept,3656.99,7/12/2022,8/8/2022
13192z,16737m,Configurable full-range open system,6770.63,4/21/2022,5/9/2022
39071h,20994v,Profound secondary paradigm,5458.55,4/14/2022,5/4/2022
66313j,16663g,Integrated actuating data-warehouse,4223.96,12/2/2022,12/15/2022
39923w,99792w,Innovative interactive installation,4952.47,11/13/2022,12/4/2022
19836e,40904u,Object-based discrete throughput,8237.75,7/14/2022,8/12/2022
14731i,83996t,Robust interactive framework,4579.32,6/4/2022,7/2/2022
50061k,07117z,Total clear-thinking complexity,1628.05,5/5/2022,5/20/2022
62437o,46488o,Multi-lateral system-worthy internet solution,9136.91,3/4/2022,3/17/2022
03773l,51391u,Adaptive foreground extranet,5877.08,3/22/2022,4/6/2022
88965e,75957m,Synergized motivating algorithm,7039.2,8/12/2022,8/30/2022
09222r,68442t,Centralized client-server ability,584.33,11/7/2022,12/3/2022
81732z,62444q,Re-contextualized bi-directional leverage,8190.8,12/17/2022,1/16/2023
50378w,09669x,Upgradable content-based standardization,2725.67,11/28/2022,12/10/2022
84135e,77009o,Digitized fresh-thinking product,9602.1,11/6/2022,11/27/2022
52673d,16237i,Reactive methodical capacity,2080.19,9/26/2022,10/7/2022
41790d,44978q,Adaptive bottom-line internet solution,6015.53,11/19/2022,12/4/2022
95549e,67871d,User-friendly 4th generation ability,6468.46,7/15/2022,8/12/2022
07131c,35104m,Switchable tangible process improvement,6838.56,8/25/2022,9/6/2022
37901o,53695m,Persistent composite policy,1759.6,1/6/2022,1/26/2022
10432f,00146l,Monitored well-modulated attitude,5653.33,11/29/2022,12/20/2022
06974t,57468b,Monitored encompassing Graphic Interface,5897.09,11/17/2022,11/27/2022
19153u,69038x,Extended foreground algorithm,7364.38,10/16/2022,11/3/2022
88346g,02001r,User-centric eco-centric implementation,8470.71,9/21/2022,10/9/2022
08906g,74191x,Reduced coherent collaboration,1070.66,12/20/2022,1/2/2023
58492s,37168g,Innovative asynchronous local area network,3219.35,7/28/2022,8/23/2022
62715r,13340i,Synergized reciprocal workforce,1280.61,11/3/2022,11/23/2022
44306d,29789o,Reduced cohesive superstructure,8577.44,6/25/2022,7/19/2022
18518g,21578g,Reduced demand-driven extranet,7768.27,1/6/2022,1/25/2022
82808o,18752a,Optimized bandwidth-monitored interface,9024.85,5/13/2022,6/7/2022
92631w,08935k,Fully-configurable explicit archive,4876.54,11/3/2022,11/24/2022
29160r,92743m,Secured contextually-based projection,2558.46,3/6/2022,3/21/2022
60336o,90116y,Pre-emptive empowering archive,2120.31,7/17/2022,8/12/2022
85449e,93869n,Synchronised mission-critical core,711.83,5/10/2022,6/7/2022
67295f,16670y,Balanced demand-driven challenge,4454.92,4/30/2022,5/19/2022
90161d,93468p,Phased client-server local area network,7704.93,12/15/2022,1/1/2023
01220j,09978b,Ergonomic dynamic hierarchy,8840.14,7/5/2022,7/28/2022
59537n,58848c,Quality-focused executive product,2837.73,4/2/2022,4/25/2022
95846c,11072i,Face to face modular hardware,8873.85,11/5/2022,12/2/2022
34479y,17806r,Cross-platform interactive moratorium,3234.42,3/20/2022,4/2/2022
32611q,00497h,Cross-platform context-sensitive analyzer,8470.28,10/11/2022,10/23/2022
42209s,34199n,Inverse dynamic superstructure,5490.92,8/29/2022,9/22/2022
42549c,73633z,User-centric logistical utilisation,5335.19,8/14/2022,9/2/2022
77822s,54143x,Persevering intermediate encryption,3732.89,5/14/2022,5/25/2022
88489t,04245i,Reactive maximized encryption,2351.38,5/1/2022,5/12/2022
14109b,50800l,Reverse-engineered fresh-thinking leverage,6680.67,4/18/2022,5/11/2022
36271k,02103m,Profit-focused systemic array,9650.12,10/23/2022,11/18/2022
26571b,25220c,Configurable dedicated array,3130.47,6/4/2022,7/4/2022
50447u,38367n,Implemented 5th generation budgetary management,3447.51,5/5/2022,5/29/2022
67546m,80191i,Balanced optimizing parallelism,9290.42,8/12/2022,9/5/2022
12909i,92462q,Reverse-engineered solution-oriented solution,4726.12,4/5/2022,4/15/2022
21821a,35625w,Phased 24/7 workforce,9869.96,11/28/2022,12/20/2022
73524p,83846o,Synergistic zero administration conglomeration,1383.87,7/3/2022,7/22/2022
28180w,71452m,Enterprise-wide web-enabled standardization,7202.08,12/11/2022,12/26/2022
59418h,90180x,Digitized web-enabled data-warehouse,4401.88,8/17/2022,9/4/2022
50990m,15982u,Re-engineered next generation solution,118.91,9/5/2022,9/29/2022
02366j,13726d,Object-based bottom-line protocol,8893.53,8/7/2022,8/20/2022
94935w,55237o,Universal real-time extranet,8361.02,12/30/2022,1/14/2023
07939l,97189w,Progressive secondary project,4040.79,9/24/2022,10/18/2022
31701q,68028h,Fundamental encompassing Graphical User Interface,3367.5,2/10/2022,3/8/2022
04172a,88999b,Vision-oriented real-time local area network,4108.71,10/12/2022,10/24/2022
73609l,07200u,Front-line tertiary ability,9257.25,8/11/2022,8/31/2022
87363n,42506u,Ergonomic bifurcated open system,5141.74,4/13/2022,5/8/2022
79174g,47998f,Monitored maximized conglomeration,6870.29,2/22/2022,3/22/2022
98533t,32201l,De-engineered asymmetric knowledge base,8819.67,12/20/2022,1/4/2023
55344c,05664w,Face to face analyzing monitoring,3497.19,5/27/2022,6/13/2022
80355d,08477c,Exclusive bi-directional policy,8401.6,5/26/2022,6/18/2022
26256l,31647y,Cloned next generation access,9221.08,7/26/2022,8/11/2022
79196j,15356f,Extended disintermediate focus group,950.68,3/21/2022,4/14/2022
72737r,92272e,Implemented 6th generation extranet,1169.89,7/30/2022,8/11/2022
48878t,19657f,Organized intangible customer loyalty,4634.21,4/21/2022,5/20/2022
82264j,53415s,Right-sized next generation structure,3269.72,2/13/2022,2/25/2022
76328l,27752o,Automated zero defect adapter,5218.24,3/29/2022,4/25/2022
76119w,36589y,Configurable regional time-frame,1117.45,7/28/2022,8/18/2022
99186x,92728i,Upgradable dynamic matrix,8200.73,5/31/2022,6/15/2022
00191d,49688p,Organic 24/7 intranet,8622.79,9/29/2022,10/23/2022
48231p,56258k,Polarised zero tolerance ability,2350.37,10/26/2022,11/14/2022
19396g,14216a,Re-engineered static access,9510.56,9/4/2022,10/1/2022
28655t,26772i,Team-oriented secondary firmware,4636.51,6/15/2022,6/30/2022
49820v,38746v,Face to face demand-driven function,7889.64,5/15/2022,5/26/2022
04722d,11547u,Fully-configurable client-driven leverage,5622.14,5/29/2022,6/27/2022
08153l,37898a,Fully-configurable asymmetric methodology,7246.58,11/13/2022,12/12/2022
29322z,79022g,Virtual composite structure,5117.02,10/3/2022,10/30/2022
44258i,59692m,Quality-focused analyzing info-mediaries,6574.48,12/10/2022,12/26/2022
73811e,87373p,Streamlined 24 hour middleware,1200.0,4/15/2022,4/27/2022
87426x,68726v,Virtual zero defect functionalities,8113.92,2/14/2022,2/24/2022
35676o,64099b,Versatile multi-tasking support,784.88,5/3/2022,5/31/2022
86223d,46469i,Fully-configurable solution-oriented service-desk,6102.09,8/8/2022,8/18/2022
37745d,30570t,Advanced maximized moderator,3458.8,8/3/2022,8/31/2022
93474e,05169f,Progressive exuding collaboration,4054.42,6/29/2022,7/28/2022
28312x,63764s,Universal systemic implementation,5371.25,11/6/2022,11/21/2022
06773m,29138w,Secured methodical concept,3071.8,9/3/2022,9/25/2022
52302f,35947o,Up-sized fresh-thinking artificial intelligence,8775.34,1/26/2022,2/14/2022
89348x,78433n,Future-proofed eco-centric definition,9287.51,6/14/2022,7/10/2022
21194j,72817a,Optional radical focus group,3534.36,2/16/2022,2/28/2022
55122f,08257g,Up-sized intermediate application,7995.67,6/26/2022,7/25/2022
31735e,25220y,Balanced holistic migration,4689.95,9/3/2022,9/29/2022
85345g,34370e,Open-source tertiary capability,8402.07,11/21/2022,12/1/2022
40955l,61345m,Focused cohesive protocol,1135.14,6/24/2022,7/20/2022
41288u,79239s,Re-contextualized static intranet,6439.2,9/15/2022,10/2/2022
61861a,80035y,Secured 24 hour extranet,1727.49,7/4/2022,7/23/2022
34210b,00061y,Secured needs-based info-mediaries,773.23,3/29/2022,4/20/2022
18684v,30556s,Profound grid-enabled adapter,2129.52,2/13/2022,3/15/2022
48994g,19466p,Seamless reciprocal moderator,2321.14,4/22/2022,5/14/2022
32212q,99894l,Upgradable discrete Graphic Interface,1073.76,7/28/2022,8/7/2022
59394j,28287o,Team-oriented bifurcated approach,9922.17,6/19/2022,6/29/2022
16261k,34599w,Multi-layered zero administration monitoring,6869.68,8/31/2022,9/11/2022
87603q,91669d,Profit-focused dynamic framework,4367.76,1/15/2022,2/5/2022
64691c,76929d,Diverse coherent firmware,521.09,10/12/2022,11/5/2022
61472d,86933o,Mandatory mobile circuit,1449.93,7/23/2022,8/4/2022
20101n,25152m,Re-engineered actuating budgetary management,6036.84,11/22/2022,12/2/2022
51626f,67638s,Horizontal bottom-line internet solution,7393.33,6/4/2022,7/3/2022
24140a,91935u,Distributed maximized utilisation,4772.96,11/19/2022,12/8/2022
53673y,93069p,Diverse regional website,7964.79,5/4/2022,5/24/2022
58036k,92448v,Seamless solution-oriented knowledge user,2020.24,12/1/2022,12/21/2022
85853l,78171t,De-engineered 6th generation approach,6881.8,11/15/2022,11/27/2022
12139k,00543g,Front-line static forecast,5817.51,8/12/2022,9/4/2022
70910p,58327p,User-centric client-driven initiative,9308.11,9/3/2022,9/16/2022
43629t,27041i,Right-sized zero administration time-frame,9283.45,1/21/2022,2/12/2022
64888k,57200i,Cross-platform even-keeled knowledge user,6948.55,1/11/2022,2/8/2022
14440t,85149q,Monitored bandwidth-monitored hierarchy,2272.88,7/2/2022,7/16/2022
75290u,79666o,Versatile full-range moderator,1188.68,2/23/2022,3/17/2022
54240h,76101t,Visionary 3rd generation solution,3092.74,10/1/2022,10/14/2022
32281n,32318i,Triple-buffered needs-based middleware,2612.38,8/1/2022,8/24/2022
31776f,05121k,Multi-lateral foreground function,9815.02,5/29/2022,6/24/2022
73584n,65299p,Automated homogeneous algorithm,3050.39,6/1/2022,6/21/2022
78327a,38838k,Versatile context-sensitive circuit,2817.75,7/16/2022,8/1/2022
85845y,89765q,Implemented object-oriented protocol,9424.69,9/26/2022,10/14/2022
97644g,60668g,Team-oriented homogeneous extranet,6784.77,3/24/2022,4/16/2022
16803l,12782d,Public-key methodical utilisation,8238.3,5/9/2022,6/5/2022
56887e,86193v,Fundamental regional encoding,9983.48,7/22/2022,8/5/2022
69817i,00023s,Synchronised bi-directional utilisation,8220.94,9/18/2022,10/14/2022
66473q,51304o,Innovative full-range knowledge base,8582.15,6/17/2022,7/17/2022
95318c,51964f,Robust methodical protocol,8418.1,5/8/2022,6/2/2022
73712w,45619d,Progressive incremental attitude,5600.23,9/8/2022,9/22/2022
16575n,10159w,Managed directional orchestration,171.13,11/23/2022,12/4/2022
43226e,97874n,Synergistic multi-state solution,5776.7,2/2/2022,3/2/2022
20937i,96852c,Networked foreground system engine,8846.36,10/11/2022,11/8/2022
77980v,07541q,Multi-tiered logistical data-warehouse,2279.25,5/27/2022,6/17/2022
66950p,58606u,Self-enabling client-server website,1633.17,4/28/2022,5/15/2022
43928w,32587t,Open-architected discrete knowledge user,5655.78,2/7/2022,2/26/2022
55688e,87007s,User-friendly explicit adapter,13.07,5/26/2022,6/15/2022
38396n,20813s,Persistent coherent extranet,7387.36,6/25/2022,7/5/2022
06803w,48015e,Optimized multimedia infrastructure,9987.9,1/7/2022,1/22/2022
21386g,26519s,Ameliorated full-range circuit,1853.84,11/17/2022,12/17/2022
85359k,41171h,Monitored cohesive strategy,4034.27,4/13/2022,5/2/2022
16952b,76160z,Sharable content-based process improvement,9490.33,11/4/2022,11/23/2022
03286p,98189o,Universal heuristic definition,7984.34,12/3/2022,12/13/2022
08931y,95168n,Diverse mobile projection,3601.99,3/7/2022,3/24/2022
29778j,22139y,Self-enabling logistical matrix,946.61,12/19/2022,1/14/2023
44648o,93971x,Business-focused maximized array,7112.77,6/21/2022,7/1/2022
52335e,02936h,Reduced transitional infrastructure,5056.19,1/1/2022,1/24/2022
85750o,51163z,Expanded multimedia infrastructure,7720.89,2/4/2022,2/20/2022
67597w,89022p,Multi-channelled motivating infrastructure,2151.33,11/18/2022,12/6/2022
23977p,19838k,Open-architected demand-driven moderator,1068.64,10/25/2022,11/10/2022
22927t,45417d,Phased bifurcated hub,7201.01,9/17/2022,10/2/2022
62728s,08355v,Advanced needs-based paradigm,2341.3,6/30/2022,7/21/2022
76697m,23716x,Self-enabling tertiary focus group,8840.35,3/28/2022,4/10/2022
00010u,31952q,Vision-oriented web-enabled approach,6079.9,8/21/2022,9/17/2022
86632n,94556v,Pre-emptive asynchronous access,2706.95,8/27/2022,9/6/2022
01557t,48995y,Grass-roots logistical budgetary management,9553.46,7/12/2022,8/6/2022
63428m,25704c,Universal transitional projection,8203.9,10/29/2022,11/19/2022
47064y,94315n,Visionary multi-state contingency,9890.31,4/29/2022,5/25/2022
10512u,00468c,Optional exuding complexity,7712.69,8/11/2022,8/21/2022
05902i,78745c,Open-architected homogeneous strategy,7330.39,12/22/2022,1/19/2023
30111s,49258b,Inverse global neural-net,6071.78,1/30/2022,2/28/2022
46442g,07404j,Inverse responsive benchmark,4197.62,5/3/2022,5/29/2022
98636k,90506r,Future-proofed directional infrastructure,9164.8,5/9/2022,5/26/2022
76097l,35991h,Down-sized content-based application,1993.18,11/11/2022,11/27/2022
85288h,42176f,Multi-tiered bifurcated task-force,3753.15,7/16/2022,8/9/2022
52838v,42010m,Pre-emptive non-volatile capacity,8862.4,4/27/2022,5/26/2022
16994j,31920d,Re-contextualized multi-tasking process improvement,6010.64,1/11/2022,1/23/2022
59665v,32954g,Reduced motivating middleware,567.87,5/9/2022,6/6/2022
84054m,42598m,Multi-layered user-facing success,3652.54,3/6/2022,3/24/2022
78540m,90278t,Synergized high-level productivity,673.93,10/18/2022,10/31/2022
82036g,24214e,Cross-group multi-state internet solution,7455.78,5/9/2022,6/2/2022
12787g,70389q,Phased bottom-line instruction set,1998.62,1/3/2022,1/22/2022
83766v,02084x,Customizable leading edge workforce,2587.88,4/5/2022,4/30/2022
62245r,50814x,Sharable hybrid framework,4648.24,7/5/2022,7/30/2022
91837h,98323c,Fully-configurable 4th generation hierarchy,9654.81,8/22/2022,9/21/2022
48530z,85170g,Cross-group interactive conglomeration,9104.61,3/22/2022,4/13/2022
48887o,25890e,Multi-lateral analyzing complexity,4090.35,4/13/2022,5/13/2022
77124r,79814x,Organized composite product,7235.54,10/6/2022,10/23/2022
36942w,23381f,Fully-configurable fresh-thinking flexibility,6041.26,9/5/2022,9/22/2022
53838w,72174b,Visionary static moratorium,6324.8,9/22/2022,10/21/2022
23019b,28184k,Self-enabling well-modulated migration,7501.75,9/8/2022,9/30/2022
08360p,63494t,Monitored optimizing info-mediaries,1987.33,10/26/2022,11/22/2022
23192t,57835t,Seamless encompassing array,1854.12,11/26/2022,12/19/2022
91081t,53233v,Self-enabling actuating application,3961.92,3/27/2022,4/20/2022
53360a,56053t,Monitored national Graphical User Interface,9593.04,10/28/2022,11/24/2022
44095y,40591d,Reactive exuding focus group,2898.08,8/27/2022,9/23/2022
23270h,12277q,Optional logistical application,3003.42,9/20/2022,10/17/2022
14857u,39034c,Object-based modular task-force,3604.88,4/26/2022,5/6/2022
79565g,69166u,Ameliorated directional middleware,4392.15,12/18/2022,12/31/2022
17166m,02389i,Realigned optimizing conglomeration,5508.36,4/18/2022,5/18/2022
33062v,49976g,Horizontal bi-directional paradigm,4453.46,9/10/2022,10/9/2022
29493j,40632m,Cross-group multi-tasking emulation,5252.43,12/26/2022,1/18/2023
16516l,64590k,Multi-lateral needs-based archive,3539.08,7/30/2022,8/23/2022
99703e,17931j,Secured needs-based array,1426.42,12/28/2022,1/18/2023
80966h,85350z,Object-based multimedia project,8664.66,11/23/2022,12/4/2022
11054s,86795q,Integrated dedicated leverage,2694.4,10/15/2022,11/1/2022
24169z,14751d,Cloned stable local area network,6957.42,6/24/2022,7/11/2022
25170d,60368v,Seamless 3rd generation function,9514.33,11/17/2022,12/7/2022
61741m,00265t,Cloned user-facing firmware,4980.26,6/15/2022,7/2/2022
79097s,66983z,Innovative uniform orchestration,2416.51,9/17/2022,10/15/2022
54422q,11811t,Quality-focused 6th generation leverage,464.66,1/5/2022,1/24/2022
44374o,76578f,Automated secondary moderator,8085.9,6/11/2022,6/30/2022
72240j,49190e,Horizontal optimizing capacity,2787.41,4/7/2022,4/28/2022
66419n,64318w,Fully-configurable asynchronous strategy,1063.42,4/24/2022,5/13/2022
69952n,13889g,Integrated even-keeled database,5197.27,11/22/2022,12/18/2022
39614r,49736r,Realigned leading edge flexibility,7874.36,9/28/2022,10/13/2022
90307w,25534h,Face to face multimedia leverage,8808.45,10/7/2022,10/19/2022
82902z,81708i,Self-enabling neutral installation,726.34,8/24/2022,9/16/2022
27640q,32193z,Vision-oriented multi-state website,8681.58,9/20/2022,10/6/2022
77518a,32138v,Decentralized asynchronous utilisation,5065.75,10/1/2022,10/19/2022
19449d,43023p,Compatible zero defect synergy,5210.5,8/6/2022,8/28/2022
79658q,08666e,Object-based homogeneous system engine,9444.54,11/18/2022,12/13/2022
33308m,36269q,Front-line 5th generation frame,3380.32,9/17/2022,10/14/2022
98928y,15825j,Self-enabling asynchronous methodology,652.71,8/21/2022,9/19/2022
00027m,38770s,Grass-roots encompassing portal,7377.82,11/20/2022,12/20/2022
74535x,50454f,Fully-configurable 24 hour time-frame,3213.09,7/6/2022,7/20/2022
07897u,57086d,Triple-buffered systemic infrastructure,4306.34,8/11/2022,9/6/2022
57431s,81015m,Total background benchmark,9679.14,1/4/2022,1/17/2022
43545r,39968d,Re-engineered homogeneous model,5070.12,10/17/2022,10/30/2022
75073q,46670w,Team-oriented context-sensitive installation,2070.65,11/30/2022,12/12/2022
14081j,56108o,Proactive composite interface,7919.34,6/21/2022,7/15/2022
44813y,14053i,Total dedicated hub,5884.2,11/13/2022,12/4/2022
39096c,63823v,User-friendly actuating moderator,3502.52,6/5/2022,6/19/2022
42025t,99346b,Cloned discrete migration,554.48,7/23/2022,8/7/2022
10608l,98562z,Upgradable 24/7 methodology,1623.35,7/31/2022,8/15/2022
44247l,00815a,Focused intangible help-desk,2132.26,8/10/2022,9/6/2022
38741j,46043g,Vision-oriented modular approach,3363.89,3/19/2022,3/31/2022
46092b,17864l,Phased user-facing pricing structure,8225.94,11/22/2022,12/13/2022
69645r,70604k,Streamlined bi-directional info-mediaries,661.6,11/21/2022,12/5/2022
97377v,47932q,Vision-oriented reciprocal emulation,3456.41,3/31/2022,4/24/2022
57525o,64170m,Multi-tiered multimedia secured line,6388.51,12/1/2022,12/13/2022
61611i,95314l,Quality-focused 4th generation intranet,6401.47,12/21/2022,1/19/2023
49251u,29849x,Grass-roots empowering success,8405.12,6/4/2022,6/19/2022
50656k,36070h,Ameliorated disintermediate strategy,677.95,11/7/2022,12/3/2022
47873p,27114g,Organic context-sensitive moderator,8313.49,2/6/2022,2/19/2022
48198w,48544w,Synergized fault-tolerant initiative,3336.87,6/10/2022,7/9/2022
97319k,23385x,Front-line value-added array,3772.88,1/28/2022,2/27/2022
92870z,28865b,Reactive grid-enabled analyzer,505.74,8/13/2022,8/24/2022
44648w,32952q,Implemented intermediate groupware,5258.8,3/14/2022,3/27/2022
98452h,34602m,Reduced zero tolerance standardization,6613.17,4/17/2022,5/4/2022
27132l,80276c,Proactive coherent circuit,8178.21,8/20/2022,9/3/2022
59351y,66404m,Balanced web-enabled open architecture,3121.39,11/30/2022,12/22/2022
99247s,57347p,Virtual directional project,4925.03,10/5/2022,10/18/2022
91588m,78710s,Reduced fresh-thinking knowledge user,3952.24,1/5/2022,1/29/2022
11415t,58288i,Robust mobile complexity,742.21,4/4/2022,4/20/2022
73356g,21280a,User-friendly next generation neural-net,4662.25,8/20/2022,9/8/2022
24021w,35428e,Cloned scalable middleware,6922.56,3/14/2022,4/12/2022
57430n,78016w,Virtual bifurcated pricing structure,3033.64,12/12/2022,1/2/2023
78085f,79932y,Business-focused systematic matrix,9219.33,12/28/2022,1/17/2023
69557j,81669q,Total cohesive flexibility,6293.9,1/31/2022,2/16/2022
60317d,92565y,Open-source background capacity,7707.89,6/5/2022,7/3/2022
85585i,84718g,Cloned homogeneous functionalities,4689.09,7/21/2022,8/5/2022
18849d,77686a,Expanded multi-state utilisation,620.69,4/10/2022,4/20/2022
08604z,61907h,Assimilated national product,26.11,1/18/2022,1/29/2022
92007y,31613c,Open-architected asynchronous workforce,1977.34,11/12/2022,12/7/2022
36400a,30718f,Optimized upward-trending internet solution,6621.43,9/29/2022,10/11/2022
49261j,08672h,Customer-focused zero administration framework,2684.84,3/16/2022,3/27/2022
66442e,96217q,Reduced cohesive emulation,4424.62,2/20/2022,3/8/2022
10776y,35713y,User-centric attitude-oriented architecture,2360.25,2/24/2022,3/6/2022
69458u,53962m,Switchable encompassing help-desk,4918.49,5/17/2022,6/9/2022
52679b,56108s,Advanced well-modulated structure,9510.73,11/11/2022,12/9/2022
83682t,27162k,Centralized full-range extranet,9080.51,4/10/2022,4/30/2022
15273e,92511w,Right-sized solution-oriented standardization,64.05,9/18/2022,10/16/2022
85247e,38877x,Digitized client-server policy,4361.09,10/4/2022,10/14/2022
56602j,64155p,Streamlined upward-trending moderator,972.13,1/14/2022,2/12/2022
35825w,48201k,Re-engineered directional knowledge user,1235.71,4/18/2022,5/5/2022
32932a,20315v,Proactive static monitoring,5652.6,10/5/2022,10/18/2022
55241v,50467v,Centralized next generation adapter,2585.82,8/4/2022,8/18/2022
28241d,96386l,Robust local time-frame,9818.14,8/24/2022,9/11/2022
27606s,08967a,Reactive methodical monitoring,1702.0,1/31/2022,2/26/2022
52455p,83522h,Re-contextualized didactic monitoring,9015.66,7/28/2022,8/18/2022
33769k,96230j,Fully-configurable background matrices,7402.26,12/21/2022,1/10/2023
22780y,65689m,Down-sized needs-based focus group,9192.34,5/11/2022,6/7/2022
35925f,07427j,Assimilated multi-state superstructure,6307.06,6/4/2022,6/16/2022
26504c,37024p,Multi-lateral foreground projection,2093.06,1/4/2022,1/22/2022
72269e,58986i,Public-key leading edge standardization,5295.4,8/17/2022,9/16/2022
06618w,97911w,Upgradable cohesive system engine,2659.51,5/20/2022,6/12/2022
97697d,80061j,Multi-channelled well-modulated definition,6225.38,5/26/2022,6/9/2022
00512c,14288z,Polarised analyzing conglomeration,8145.38,12/10/2022,1/3/2023
61312h,41180b,Universal content-based project,4409.43,10/5/2022,11/4/2022
73902o,97663p,User-friendly attitude-oriented core,4511.87,6/5/2022,6/19/2022
07645v,54434b,Operative foreground initiative,7156.0,7/27/2022,8/21/2022
19018l,46768z,Ergonomic content-based moratorium,6693.12,1/28/2022,2/22/2022
17401i,02912w,Diverse asynchronous instruction set,931.96,10/28/2022,11/14/2022
87008x,16360f,Streamlined global knowledge base,4640.94,8/30/2022,9/21/2022
79418c,89405l,Self-enabling intermediate architecture,3558.13,11/2/2022,11/13/2022
44020p,61865o,Assimilated fault-tolerant approach,5316.55,1/15/2022,1/27/2022
58406e,10498f,Re-contextualized directional artificial intelligence,1021.66,12/2/2022,12/29/2022
57261h,66843f,Down-sized national synergy,3473.53,12/6/2022,1/3/2023
97751p,64925f,Exclusive bifurcated benchmark,3948.9,7/24/2022,8/4/2022
29702h,68426z,Re-contextualized real-time Graphic Interface,835.52,6/5/2022,6/24/2022
77767t,08534p,Configurable optimizing support,7567.24,5/2/2022,5/13/2022
52988p,35295b,Vision-oriented holistic adapter,1402.31,6/24/2022,7/23/2022
10057s,25320u,Re-engineered upward-trending leverage,5620.5,7/25/2022,8/11/2022
27930u,85750c,Cross-platform multi-tasking matrices,2408.08,12/2/2022,12/28/2022
83980c,45143i,Synchronised empowering database,5976.15,7/11/2022,7/28/2022
28082n,74874k,Horizontal local utilisation,3189.03,4/4/2022,4/18/2022
43800u,23551r,Synergistic radical middleware,7615.06,6/13/2022,6/30/2022
49437q,56225p,Advanced global alliance,4744.32,4/9/2022,4/21/2022
30941e,88867r,Face to face holistic framework,8463.77,2/9/2022,3/7/2022
22375y,42908n,Synergized dynamic encoding,2128.2,10/14/2022,10/26/2022
67723t,02614i,Organic asymmetric function,2405.22,7/11/2022,7/25/2022
79225o,05528u,Compatible stable migration,8959.69,1/24/2022,2/14/2022
75025q,34666k,Proactive high-level budgetary management,3091.61,9/21/2022,10/19/2022
81729r,01167j,Switchable asynchronous info-mediaries,7096.7,12/11/2022,1/5/2023
74813l,28741x,User-centric asynchronous implementation,7872.17,1/19/2022,1/31/2022
76502t,17090f,Fully-configurable 3rd generation benchmark,1148.32,6/4/2022,6/24/2022
49336q,58405t,Vision-oriented client-server focus group,3715.72,11/12/2022,12/8/2022
27547q,54270e,Managed static conglomeration,1102.1,8/18/2022,9/16/2022
04484q,51176w,Synergistic client-driven projection,6742.03,3/1/2022,3/16/2022
64009w,35599y,Integrated contextually-based pricing structure,7679.79,9/10/2022,10/1/2022
09766m,81435f,Versatile homogeneous contingency,2836.21,1/29/2022,2/26/2022
61920u,59074h,Multi-tiered content-based open system,4375.83,4/15/2022,5/14/2022
94213s,22543p,Ameliorated reciprocal implementation,6238.68,8/4/2022,8/29/2022
69486x,08710f,Compatible local contingency,725.67,10/7/2022,11/4/2022
55800x,12024a,Multi-channelled grid-enabled system engine,6166.03,3/11/2022,4/9/2022
71913u,82529h,Versatile web-enabled ability,6025.81,11/10/2022,11/24/2022
22475s,59026f,Exclusive impactful parallelism,4041.83,7/20/2022,8/13/2022
71951o,32498q,Fully-configurable maximized workforce,9490.05,1/7/2022,1/26/2022
47595b,27535a,Re-contextualized secondary Graphical User Interface,7747.75,6/7/2022,7/7/2022
74047u,06843o,Distributed system-worthy array,6201.85,12/22/2022,1/20/2023
97031o,32336n,Persevering neutral hardware,6724.98,3/15/2022,3/26/2022
73782o,83969t,Profound bottom-line focus group,7948.72,8/24/2022,9/8/2022
46570o,66490a,Future-proofed user-facing model,802.9,9/10/2022,9/25/2022
79336h,92453h,Devolved exuding local area network,5448.93,2/13/2022,3/1/2022
10583h,66753m,Optional discrete project,5205.65,10/19/2022,11/6/2022
97302p,83973k,Persistent interactive algorithm,9066.64,3/21/2022,4/16/2022
04354c,81376i,Configurable foreground flexibility,8299.03,2/3/2022,2/14/2022
30146l,33393v,Exclusive tangible synergy,3275.08,9/7/2022,9/26/2022
45911j,66279w,Public-key multimedia matrix,3537.92,11/9/2022,11/22/2022
73163x,49143h,Cross-platform optimizing conglomeration,8550.67,11/7/2022,12/2/2022
75611l,73460s,Devolved solution-oriented artificial intelligence,1864.62,6/16/2022,7/6/2022
71638g,17380f,Object-based grid-enabled matrix,5710.8,12/8/2022,12/18/2022
12505w,07840e,Synchronised client-driven functionalities,715.66,7/7/2022,7/29/2022
89239t,06009b,Synergistic zero tolerance matrices,3286.27,7/18/2022,8/13/2022
00302u,43242q,User-friendly zero administration approach,9685.16,2/14/2022,3/4/2022
68132i,48110h,Multi-channelled 3rd generation interface,9549.23,8/20/2022,9/2/2022
21604e,70378r,Re-engineered 3rd generation flexibility,8328.16,2/10/2022,3/9/2022
63257d,70631f,Multi-layered upward-trending structure,4507.1,1/26/2022,2/16/2022
49558t,95824b,Adaptive 3rd generation functionalities,5689.79,3/28/2022,4/25/2022
85387g,11507q,Automated logistical initiative,7942.44,12/29/2022,1/16/2023
04911e,90477q,Mandatory multi-tasking hub,4813.7,5/8/2022,6/5/2022
21460h,95129b,Open-architected impactful encryption,2199.24,1/19/2022,2/18/2022
40730o,13641s,Versatile fault-tolerant portal,3543.65,3/21/2022,4/13/2022
24149q,89658c,Digitized tangible workforce,288.64,2/26/2022,3/14/2022
70749o,80070i,Down-sized secondary infrastructure,2849.26,5/21/2022,6/3/2022
35462h,43556j,Cross-platform analyzing collaboration,4207.92,5/4/2022,5/24/2022
43134x,47290b,Right-sized tangible conglomeration,5238.51,10/16/2022,11/11/2022
41784f,19781g,Sharable high-level extranet,8508.71,3/25/2022,4/20/2022
03860y,62688a,Programmable methodical forecast,2137.5,1/13/2022,2/4/2022
30463q,18220b,Mandatory non-volatile analyzer,8325.86,9/10/2022,10/5/2022
43754s,81636h,Synergistic hybrid archive,8597.35,9/16/2022,10/2/2022
19152e,01202q,Stand-alone non-volatile paradigm,6434.03,8/13/2022,9/10/2022
77927n,53699b,Fully-configurable holistic access,7627.14,4/9/2022,5/8/2022
43741r,67413o,Object-based multimedia protocol,4807.61,10/13/2022,11/10/2022
38491i,66805w,Customizable transitional circuit,5334.88,11/5/2022,11/15/2022
98260f,42401h,Switchable even-keeled moderator,3915.77,11/22/2022,12/15/2022
17611y,74342l,Fundamental systemic leverage,6983.32,9/2/2022,9/22/2022
70488n,82840x,Robust homogeneous framework,9516.45,11/30/2022,12/30/2022
98978k,43423t,Innovative cohesive policy,679.5,4/26/2022,5/11/2022
94844w,75369p,Ameliorated modular implementation,8910.8,9/6/2022,9/24/2022
17096i,85097a,Enterprise-wide web-enabled open system,882.77,11/12/2022,12/6/2022
17494r,12287m,Universal incremental support,7679.58,4/10/2022,4/21/2022
09196m,79492c,Future-proofed neutral architecture,1720.51,1/23/2022,2/12/2022
47980d,03874a,Polarised actuating attitude,1153.85,4/10/2022,5/9/2022
13161l,50520o,Innovative homogeneous firmware,1552.82,1/6/2022,1/22/2022
83884r,94496g,Streamlined value-added benchmark,4968.74,7/28/2022,8/20/2022
00637o,53125v,Automated context-sensitive ability,4062.26,6/19/2022,7/9/2022
31101j,32029c,Triple-buffered national solution,9810.48,7/10/2022,7/30/2022
92650u,79143f,Innovative intangible access,5439.61,5/26/2022,6/9/2022
54787c,71532h,Devolved bandwidth-monitored analyzer,6197.37,5/1/2022,5/26/2022
62041b,65760u,Reduced coherent product,3891.8,3/23/2022,4/10/2022
13802u,30691e,Enhanced scalable extranet,3140.4,9/22/2022,10/7/2022
48124m,94579w,Right-sized asynchronous productivity,2726.63,3/14/2022,4/8/2022
76614q,98094h,Seamless well-modulated focus group,8204.89,10/28/2022,11/15/2022
07348t,68591g,Optional even-keeled neural-net,7418.4,6/22/2022,7/5/2022
46904d,61274x,Enhanced intangible project,193.03,4/11/2022,4/30/2022
48672x,27756j,Focused optimal local area network,8881.89,11/4/2022,11/19/2022
41878t,69330f,Face to face regional knowledge base,9012.92,3/5/2022,4/1/2022
03270p,36321u,Polarised executive adapter,8306.31,10/22/2022,11/20/2022
65217y,94961b,Expanded cohesive matrices,9672.03,2/5/2022,2/21/2022
12280p,72849z,Networked asymmetric help-desk,1137.22,1/22/2022,2/5/2022
34784x,12398w,Triple-buffered attitude-oriented task-force,1873.2,10/4/2022,10/25/2022
73098i,25366k,Compatible user-facing encryption,5927.28,4/27/2022,5/12/2022
63208r,49474i,Persistent didactic Graphical User Interface,9896.19,5/19/2022,6/5/2022
92618m,76172x,Profound 6th generation architecture,4782.23,1/7/2022,1/30/2022
46945x,23331c,Intuitive actuating forecast,7928.11,3/16/2022,3/27/2022
78800r,71888k,Proactive background framework,688.43,7/2/2022,7/15/2022
49551u,77874u,Virtual maximized secured line,5592.11,6/8/2022,7/5/2022
78905q,15436l,Vision-oriented neutral focus group,1708.96,5/4/2022,5/31/2022
46985o,28141m,Exclusive system-worthy service-desk,9859.42,2/11/2022,3/5/2022
90278c,75047h,Organized even-keeled standardization,4861.89,9/22/2022,10/21/2022
08374c,89747r,Assimilated radical infrastructure,2318.86,9/12/2022,9/22/2022
50019u,14279p,Reverse-engineered systematic encoding,270.13,4/6/2022,5/2/2022
98454w,15726f,Adaptive global project,5170.21,10/18/2022,11/16/2022
07012r,88365m,Enterprise-wide tertiary orchestration,9892.04,12/8/2022,1/5/2023
63247r,92989s,Inverse clear-thinking monitoring,9370.02,8/14/2022,8/25/2022
08339c,73679r,Cross-platform zero defect throughput,6993.37,10/2/2022,10/20/2022
25439m,13441u,Fully-configurable value-added core,1115.14,7/28/2022,8/21/2022
98875j,04183g,Exclusive national ability,9710.35,10/1/2022,10/26/2022
08416l,03061p,Cross-platform global forecast,3792.92,8/12/2022,8/23/2022
93278h,01689k,Quality-focused bifurcated local area network,6015.44,1/24/2022,2/9/2022
61396j,02050h,Quality-focused real-time algorithm,8832.2,7/10/2022,7/31/2022
40150i,50199u,Synergistic eco-centric function,2975.74,1/15/2022,1/28/2022
65407w,49106c,Digitized bifurcated archive,1254.58,12/7/2022,12/19/2022
21685p,59186g,Reactive well-modulated collaboration,6629.59,10/11/2022,10/24/2022
72880k,08033f,Implemented bifurcated database,4904.5,5/5/2022,5/24/2022
62828i,44676p,Monitored static matrices,8530.47,3/31/2022,4/18/2022
39838e,94670z,Seamless impactful concept,2520.06,1/5/2022,1/22/2022
91082t,50348p,Open-architected scalable forecast,3179.94,6/4/2022,6/28/2022
11295j,15010r,Implemented needs-based complexity,6798.92,8/20/2022,9/16/2022
41984p,11668e,Versatile asynchronous policy,2464.26,10/6/2022,10/23/2022
81753k,70830p,Function-based discrete encoding,522.16,3/12/2022,3/29/2022
67935g,22132f,Proactive 4th generation hierarchy,5064.27,6/11/2022,6/26/2022
44233t,83089v,Monitored multi-tasking access,4103.21,5/18/2022,6/9/2022
82707e,70449h,Upgradable empowering time-frame,4934.06,1/6/2022,1/18/2022
47129h,93473o,Enterprise-wide contextually-based access,2484.44,1/19/2022,2/7/2022
92416n,81294k,Advanced interactive paradigm,5564.12,7/31/2022,8/17/2022
47471z,41992m,Ameliorated human-resource local area network,1178.36,8/1/2022,8/12/2022
81816d,90996v,Optional client-driven alliance,7885.62,7/7/2022,7/21/2022
37124c,72664l,Robust demand-driven projection,1644.15,8/20/2022,9/7/2022
66346e,59381x,Universal systematic access,6988.61,9/5/2022,9/21/2022
79120z,60246d,Business-focused well-modulated flexibility,5103.43,3/8/2022,3/18/2022
55590k,45324g,Horizontal hybrid concept,8438.21,10/20/2022,11/5/2022
48952r,86289a,Upgradable non-volatile installation,8736.95,1/22/2022,2/14/2022
08163i,83412v,Implemented clear-thinking time-frame,2727.4,9/21/2022,10/21/2022
54041w,34413j,Intuitive exuding extranet,4598.23,5/12/2022,5/28/2022
08253r,34126o,Cross-group bi-directional core,7835.06,8/8/2022,9/5/2022
89186m,00431w,Virtual scalable ability,4528.16,11/21/2022,12/20/2022
50211h,15696h,Quality-focused zero administration methodology,8708.99,2/9/2022,3/11/2022
72944r,39434z,Compatible user-facing application,6924.75,11/18/2022,12/16/2022
36052d,88997k,Right-sized solution-oriented leverage,3407.83,4/9/2022,5/3/2022
08554p,17792y,Grass-roots bifurcated focus group,5185.88,8/1/2022,8/14/2022
16681f,32336a,Universal tertiary structure,4939.58,8/23/2022,9/20/2022
19644h,09019o,Organized real-time product,236.59,7/5/2022,7/18/2022
15634s,69088h,Balanced analyzing artificial intelligence,5428.1,11/2/2022,11/16/2022
14878j,51200t,Decentralized incremental hierarchy,9292.75,2/2/2022,2/15/2022
29735p,62411q,Adaptive full-range definition,7589.23,12/26/2022,1/13/2023
26082y,50332g,Multi-layered didactic neural-net,673.08,1/1/2022,1/18/2022
02339k,73979a,Grass-roots context-sensitive data-warehouse,2422.15,6/22/2022,7/20/2022
84775m,18144p,Mandatory zero administration interface,7597.14,3/20/2022,4/8/2022
74772i,25280v,Front-line heuristic analyzer,4440.21,1/31/2022,2/10/2022
70619i,49764b,Universal executive local area network,5200.96,4/8/2022,4/18/2022
72233e,05203l,Assimilated mobile circuit,3357.32,11/17/2022,12/4/2022
24257w,97968o,Innovative tertiary migration,7274.73,8/29/2022,9/18/2022
14332u,48629w,Organic composite artificial intelligence,3813.01,8/7/2022,8/26/2022
51955e,32893d,Enterprise-wide next generation intranet,3091.43,4/8/2022,5/7/2022
61029t,63357e,Up-sized didactic data-warehouse,4252.5,8/31/2022,9/15/2022
75665l,85957a,Re-engineered transitional data-warehouse,8078.16,11/14/2022,11/30/2022
92162o,37712e,Innovative tertiary middleware,2655.11,11/28/2022,12/11/2022
25519n,08533v,Multi-tiered scalable software,3667.22,10/23/2022,11/2/2022
15464o,66163b,Configurable interactive encryption,6145.96,4/21/2022,5/14/2022
47626o,09124h,Distributed neutral knowledge base,2108.36,12/15/2022,12/28/2022
51698b,48886x,Total bottom-line open architecture,5251.26,4/10/2022,5/3/2022
91481o,05510v,Public-key tangible migration,1412.68,1/7/2022,1/20/2022
82981g,49999j,Implemented reciprocal framework,7310.68,5/20/2022,6/16/2022
97708g,47125f,Total national matrix,3688.78,4/5/2022,4/26/2022
64823u,48543a,Proactive systematic middleware,3495.64,5/11/2022,5/21/2022
69306q,73470x,Virtual directional policy,9917.67,6/5/2022,6/24/2022
58455w,90448e,Right-sized coherent synergy,8351.68,8/4/2022,8/18/2022
92698i,93118l,Upgradable 6th generation portal,8369.11,5/26/2022,6/15/2022
92160n,95446q,Adaptive homogeneous support,9610.89,1/9/2022,2/7/2022
34655j,01100p,Configurable optimal success,8363.75,3/12/2022,4/6/2022
61690l,93868f,Team-oriented solution-oriented hierarchy,8497.53,5/11/2022,6/2/2022
72135p,57679m,Triple-buffered holistic firmware,8479.45,2/3/2022,2/26/2022
24409d,74234b,Multi-channelled needs-based database,3072.65,8/13/2022,8/31/2022
06386i,00680o,Focused holistic structure,6492.0,9/3/2022,9/29/2022
23321i,32189f,Ergonomic demand-driven monitoring,146.15,11/27/2022,12/13/2022
39935z,33458e,Exclusive impactful ability,8940.79,5/30/2022,6/13/2022
38706s,65027t,User-friendly global approach,6318.26,4/29/2022,5/13/2022
74801v,87624x,Quality-focused 24 hour budgetary management,5243.76,11/3/2022,11/21/2022
84827k,21291d,Customizable dedicated concept,1446.24,5/12/2022,5/27/2022
49912j,30645i,Enhanced upward-trending adapter,9032.37,6/15/2022,7/2/2022
05069j,73370m,Synergistic responsive help-desk,6447.62,1/30/2022,2/9/2022
79867c,05660d,Assimilated eco-centric infrastructure,1800.91,4/2/2022,4/29/2022
45498g,58770m,Customizable bi-directional customer loyalty,6178.88,3/6/2022,3/20/2022
96297b,08971i,Integrated directional middleware,9853.56,1/22/2022,2/8/2022
30634q,69608m,Team-oriented secondary neural-net,5516.21,7/10/2022,8/2/2022
78067a,64861t,Polarised dynamic firmware,1333.0,5/16/2022,6/4/2022
49075x,18391l,Multi-layered scalable approach,24.96,9/3/2022,9/29/2022
33812i,74931n,Innovative actuating benchmark,6926.45,2/1/2022,2/25/2022
79822g,55565w,Ergonomic bi-directional data-warehouse,7666.11,3/17/2022,4/5/2022
55808w,05693k,Robust system-worthy interface,4568.76,7/2/2022,7/21/2022
36783g,82155f,Optional executive internet solution,4018.34,10/22/2022,11/10/2022
65536q,86357f,Synergized national intranet,4574.51,8/31/2022,9/14/2022
81177g,06068b,Multi-layered multi-tasking frame,3336.21,10/15/2022,11/8/2022
91362u,13642m,Profit-focused composite orchestration,1886.33,2/12/2022,2/28/2022
12608w,63008j,Optimized attitude-oriented attitude,6230.21,11/2/2022,12/1/2022
72851c,08227z,Polarised demand-driven hardware,2514.78,6/21/2022,7/18/2022
67586m,56380p,Reactive directional interface,5718.11,4/25/2022,5/19/2022
78427l,55242o,Enhanced solution-oriented frame,6156.72,10/26/2022,11/24/2022
96212w,17625j,Fully-configurable attitude-oriented strategy,3114.04,1/3/2022,1/21/2022
92580q,00069n,Team-oriented systemic budgetary management,9798.51,12/14/2022,1/5/2023
16023b,90324c,Reverse-engineered bifurcated adapter,1397.83,7/31/2022,8/24/2022
75959f,09046d,Enterprise-wide asynchronous analyzer,8094.88,12/26/2022,1/21/2023
86545p,13724b,Up-sized client-driven open architecture,1285.73,5/11/2022,5/24/2022
86753t,36766t,Cloned clear-thinking software,9719.95,10/26/2022,11/22/2022
93873s,76105g,Total object-oriented hierarchy,9298.0,2/19/2022,3/19/2022
74596b,08096x,Focused reciprocal internet solution,8663.19,1/6/2022,1/26/2022
68952f,99136e,Virtual zero administration model,6455.74,12/21/2022,1/3/2023
34520v,89078j,Open-source leading edge firmware,5694.13,5/28/2022,6/25/2022
55363a,24187c,Networked context-sensitive core,8144.47,5/27/2022,6/9/2022
86653g,68899x,Expanded attitude-oriented superstructure,3584.89,12/25/2022,1/10/2023
49418w,38826v,Secured modular middleware,584.96,5/12/2022,5/24/2022
56123l,11659q,Synchronised hybrid policy,3447.54,5/22/2022,6/11/2022
15170s,10191v,Enhanced non-volatile policy,1723.56,2/3/2022,2/26/2022
49999n,32751e,Open-source stable hierarchy,3107.49,9/30/2022,10/13/2022
51124w,76830y,Multi-tiered dedicated project,5775.85,8/15/2022,9/11/2022
68719r,74818i,Synchronised reciprocal function,4906.85,12/17/2022,12/27/2022
77650e,05996o,Expanded executive framework,4446.5,6/26/2022,7/16/2022
67151o,87931k,Decentralized asymmetric product,4939.93,2/3/2022,2/26/2022
01141r,75252n,Integrated disintermediate monitoring,5019.58,11/21/2022,12/6/2022
54911n,34706u,Front-line intermediate software,3440.56,7/11/2022,7/21/2022
83744r,11296m,Synchronised context-sensitive artificial intelligence,9327.03,3/28/2022,4/18/2022
28413o,82736l,Inverse didactic concept,8639.18,3/27/2022,4/16/2022
85372q,67870c,Public-key non-volatile groupware,5632.19,8/31/2022,9/26/2022
03283u,68763b,Versatile bandwidth-monitored monitoring,6732.22,10/28/2022,11/24/2022
62169c,22613e,Front-line mobile structure,1537.78,6/19/2022,7/9/2022
98864n,94141g,Synergized bi-directional encryption,2293.1,7/14/2022,7/29/2022
62310m,39545z,Networked composite attitude,8575.4,12/3/2022,12/30/2022
29160j,79975s,Organized empowering access,3846.77,9/3/2022,9/25/2022
42620r,07216v,Fundamental tertiary software,4785.25,8/13/2022,9/9/2022
67016j,70885x,Synchronised empowering budgetary management,4194.86,11/27/2022,12/7/2022
92282x,99429i,Upgradable foreground parallelism,8538.66,12/16/2022,12/31/2022
60268t,22114q,Synergistic full-range Graphical User Interface,5506.27,6/7/2022,7/7/2022
63859y,94437d,Team-oriented dedicated knowledge base,6368.69,11/22/2022,12/22/2022
85400e,68031y,Customer-focused leading edge intranet,6970.4,7/29/2022,8/24/2022
76574l,93040f,Robust dedicated interface,7219.82,6/19/2022,7/7/2022
88917i,18034r,Configurable secondary functionalities,576.81,8/17/2022,9/3/2022
08776h,00499f,Right-sized incremental benchmark,5670.71,8/22/2022,9/18/2022
73572i,24922f,Public-key solution-oriented workforce,5553.71,1/1/2022,1/20/2022
76129e,93788f,Progressive real-time collaboration,9775.06,11/27/2022,12/23/2022
51480t,81996z,Expanded logistical focus group,7249.93,1/29/2022,2/23/2022
67231f,93340i,Decentralized optimizing application,7292.26,11/5/2022,12/5/2022
84524n,26548h,Ergonomic solution-oriented process improvement,281.06,11/29/2022,12/17/2022
58278v,10347l,Down-sized regional neural-net,4085.87,10/27/2022,11/15/2022
48485k,64832e,Open-architected disintermediate info-mediaries,1550.52,7/6/2022,7/28/2022
43542g,35533c,Grass-roots 24/7 moratorium,921.23,9/8/2022,9/29/2022
42862j,12417v,Customizable leading edge neural-net,1595.55,5/6/2022,5/30/2022
60269v,53732p,Versatile discrete productivity,8387.51,12/30/2022,1/24/2023
52948h,24642j,Assimilated context-sensitive utilisation,9390.81,12/28/2022,1/9/2023
53390o,04315g,Managed heuristic success,4432.86,8/20/2022,9/14/2022
30741q,18238f,Networked maximized website,3856.35,10/20/2022,11/14/2022
88992q,97764r,Phased user-facing orchestration,3645.22,7/21/2022,8/20/2022
61628a,08866f,Profit-focused user-facing customer loyalty,1292.08,10/21/2022,11/7/2022
81981h,51265h,Monitored leading edge extranet,1372.67,1/20/2022,1/31/2022
90702f,39186k,Function-based 6th generation function,6508.91,6/7/2022,7/3/2022
10340f,47962i,Profit-focused uniform synergy,2385.56,4/24/2022,5/23/2022
20517m,47022j,Synergistic heuristic service-desk,1741.48,3/1/2022,3/14/2022
24062o,60454v,Upgradable static knowledge user,9768.67,4/22/2022,5/17/2022
14903h,96729f,Multi-channelled stable interface,8820.74,5/22/2022,6/19/2022
24734h,28976t,Public-key methodical approach,8934.19,9/12/2022,10/2/2022
88941c,55686d,Organic analyzing solution,6069.85,7/6/2022,7/24/2022
68006s,66663d,De-engineered intangible superstructure,5050.03,2/21/2022,3/17/2022
20556k,90614w,Extended bi-directional info-mediaries,8745.96,2/2/2022,2/19/2022
62303n,21220h,Adaptive non-volatile secured line,5581.91,9/4/2022,9/22/2022
77082h,03895c,User-friendly logistical focus group,6083.43,10/28/2022,11/22/2022
33950h,24593x,Visionary optimal archive,9601.3,5/2/2022,5/21/2022
92596g,23657t,Diverse 24 hour system engine,3682.24,1/8/2022,1/30/2022
08286f,04423o,Operative radical collaboration,2878.79,7/11/2022,7/22/2022
08057k,75727i,Robust asynchronous installation,7287.17,11/29/2022,12/13/2022
77624o,01422l,Re-engineered multi-state framework,5942.31,1/28/2022,2/24/2022
96122i,88174j,Self-enabling methodical neural-net,5964.72,10/7/2022,10/30/2022
21622s,57582e,Upgradable neutral architecture,604.33,6/9/2022,7/8/2022
34031i,37039p,Progressive modular process improvement,6617.05,4/29/2022,5/25/2022
68759e,43695m,Grass-roots intangible secured line,1680.21,1/9/2022,2/3/2022
02477a,49259o,Reactive encompassing data-warehouse,7184.27,10/14/2022,10/28/2022
17210q,31351f,Ergonomic web-enabled budgetary management,2293.9,3/31/2022,4/21/2022
71017u,14244t,De-engineered even-keeled pricing structure,4470.37,10/15/2022,11/2/2022
78269a,09861g,Configurable bi-directional firmware,5165.05,12/17/2022,12/27/2022
15174b,89742i,Visionary holistic software,7643.08,6/15/2022,7/13/2022
86791j,23584s,Virtual didactic database,9562.71,9/17/2022,10/4/2022
78295k,65892s,Horizontal client-server strategy,9322.75,1/1/2022,1/15/2022
81281z,57898p,Optimized uniform encoding,109.76,11/21/2022,12/13/2022
36017z,60820y,Programmable stable methodology,3230.89,2/26/2022,3/25/2022
86859v,99133o,Vision-oriented non-volatile architecture,2845.25,11/17/2022,12/5/2022
07460w,90394q,Multi-layered tangible Graphical User Interface,4131.54,5/14/2022,6/2/2022
01524c,65379b,Networked static Graphic Interface,2741.89,7/23/2022,8/18/2022
52123p,75338n,Sharable human-resource encryption,7577.29,8/25/2022,9/21/2022
49758c,12594h,Fundamental homogeneous portal,5507.86,7/21/2022,8/17/2022
77192l,94732z,Horizontal object-oriented alliance,8805.33,7/5/2022,7/23/2022
02733v,40592x,Horizontal demand-driven pricing structure,151.69,6/25/2022,7/24/2022
27524a,13498f,Object-based maximized groupware,6976.19,2/21/2022,3/13/2022
82470f,73574u,User-friendly next generation monitoring,3708.71,4/6/2022,5/4/2022
07134x,41837s,Face to face disintermediate installation,76.26,7/28/2022,8/18/2022
19456l,83926y,Automated disintermediate software,9100.93,9/4/2022,9/29/2022
42163w,23523h,Expanded static budgetary management,2960.05,10/14/2022,10/29/2022
06838i,53280z,Assimilated exuding migration,6863.76,10/20/2022,11/7/2022
54541i,13378t,Future-proofed 24/7 initiative,6323.82,2/6/2022,2/28/2022
50473a,18123z,Stand-alone reciprocal functionalities,8811.49,6/25/2022,7/22/2022
26554d,49386w,Visionary homogeneous structure,5286.24,10/6/2022,10/25/2022
09003w,92810f,Reverse-engineered mobile frame,3750.28,8/19/2022,8/30/2022
13711l,14300d,Switchable user-facing initiative,6145.42,1/9/2022,2/1/2022
99259i,53116m,Multi-lateral static solution,19.24,12/17/2022,1/14/2023
62839e,55155r,Down-sized impactful website,3511.42,10/17/2022,10/31/2022
97198t,93769h,Grass-roots methodical success,6025.6,12/29/2022,1/20/2023
78316j,56284c,Monitored full-range function,3697.15,5/10/2022,5/29/2022
73223c,77570p,Enterprise-wide system-worthy budgetary management,9509.46,12/8/2022,12/27/2022
69578a,32142v,Centralized secondary interface,9403.03,11/17/2022,12/4/2022
73280a,00012b,Fully-configurable well-modulated project,2693.09,12/1/2022,12/17/2022
79771w,97516h,Innovative systemic support,6640.49,1/20/2022,2/9/2022
53347n,87641t,De-engineered leading edge knowledge base,5387.04,6/9/2022,6/26/2022
26754c,95221q,Cloned interactive monitoring,278.29,10/18/2022,11/6/2022
44141h,66276p,Customizable systematic parallelism,2602.02,6/4/2022,6/23/2022
22670s,28754c,Synchronised bottom-line attitude,2013.44,11/8/2022,11/27/2022
51474l,90157y,Multi-layered context-sensitive paradigm,3439.93,7/9/2022,7/22/2022
42003n,90591v,Digitized homogeneous contingency,7247.59,8/29/2022,9/27/2022
88485u,34472m,Open-architected eco-centric circuit,7061.72,1/1/2022,1/23/2022
09436f,81232h,Fundamental coherent encryption,9005.81,11/4/2022,11/21/2022
58429s,62171c,Horizontal tertiary structure,3565.32,12/12/2022,12/24/2022
48262k,17146q,Synergistic methodical emulation,3481.21,11/19/2022,12/1/2022
97127o,31960n,Right-sized optimizing encryption,1120.45,6/3/2022,7/1/2022
82053h,69130y,Inverse didactic core,9623.75,2/18/2022,3/10/2022
49728i,44977w,Optimized cohesive extranet,8163.01,6/7/2022,6/24/2022
10582g,10312n,Secured national emulation,3458.37,5/21/2022,6/11/2022
54703o,33647j,Organized clear-thinking methodology,4376.36,6/6/2022,7/1/2022
17975o,07975z,Cross-group even-keeled artificial intelligence,6608.44,7/5/2022,7/30/2022
02034o,41525y,Cloned zero tolerance workforce,1032.88,2/19/2022,3/14/2022
04254r,75221y,Robust zero administration superstructure,7941.34,7/16/2022,8/10/2022
40145d,59447g,Synergized impactful protocol,5272.17,2/9/2022,3/1/2022
20418m,86889b,Persevering radical installation,8006.48,8/6/2022,8/24/2022
78535k,42531m,Seamless mobile array,7059.42,9/27/2022,10/13/2022
25114x,28709u,Customizable empowering frame,7383.4,10/26/2022,11/23/2022
61086i,95121k,Intuitive solution-oriented orchestration,8789.78,1/31/2022,2/16/2022
62891b,64749v,Assimilated 24/7 local area network,2856.45,11/12/2022,12/9/2022
52567e,37330z,Streamlined uniform firmware,6964.45,2/28/2022,3/11/2022
89231f,62750p,Profound real-time superstructure,6419.03,3/29/2022,4/8/2022
49984a,26364h,Profit-focused tertiary circuit,5508.11,6/20/2022,7/1/2022
08693o,91874w,Customizable leading edge policy,4318.92,7/25/2022,8/16/2022
87425o,40478x,Multi-lateral 5th generation website,1425.07,10/17/2022,11/16/2022
39990p,99903o,Realigned grid-enabled intranet,6141.4,6/11/2022,7/7/2022
93239c,42037k,Total modular internet solution,570.3,9/17/2022,9/27/2022
26925s,58019y,Quality-focused 24/7 monitoring,5440.92,6/17/2022,6/28/2022
72881k,25891l,Configurable explicit methodology,6100.65,8/12/2022,9/3/2022
59910p,18616n,Cross-platform 6th generation knowledge base,7311.92,7/21/2022,8/8/2022
16904o,35759w,Vision-oriented value-added archive,6589.9,10/27/2022,11/19/2022
13972n,90132e,Virtual bottom-line installation,694.68,6/14/2022,6/30/2022
34292d,32895d,Quality-focused modular product,7439.27,5/13/2022,5/30/2022
00943n,76067a,Streamlined fresh-thinking attitude,9082.08,11/17/2022,11/28/2022
76883c,82471p,Open-architected upward-trending info-mediaries,3390.34,12/18/2022,1/9/2023
17426h,23124c,Synergistic regional website,6652.05,4/22/2022,5/8/2022
66678d,82080c,Multi-layered static extranet,2585.68,9/16/2022,10/7/2022
92890s,05979u,Innovative radical migration,786.36,11/1/2022,11/28/2022
18957i,33345c,Digitized intermediate process improvement,6566.04,8/8/2022,8/26/2022
02329y,59406j,De-engineered bi-directional pricing structure,4362.23,6/30/2022,7/22/2022
71751e,55519l,Vision-oriented bottom-line Graphic Interface,4792.76,2/11/2022,3/6/2022
58916x,34564d,Persevering multi-state moratorium,9367.15,7/13/2022,8/12/2022
31880y,55377p,Advanced tangible flexibility,5459.83,5/3/2022,5/27/2022
39811q,71319y,Versatile bandwidth-monitored help-desk,468.28,8/25/2022,9/6/2022
89458p,16907e,Team-oriented web-enabled alliance,7703.23,9/17/2022,10/5/2022
93552c,58232y,Persistent next generation function,3238.24,4/13/2022,5/3/2022
04200t,85367j,Grass-roots even-keeled monitoring,5238.75,3/29/2022,4/12/2022
87713h,91882l,Diverse content-based process improvement,4282.12,11/13/2022,12/8/2022
90237c,61479y,Networked clear-thinking internet solution,7529.82,2/5/2022,2/15/2022
02350p,22358m,Up-sized value-added process improvement,4064.65,7/4/2022,7/22/2022
81569d,97533l,Cross-group foreground groupware,9979.34,5/12/2022,5/25/2022
82070w,00755a,Devolved mission-critical support,880.16,1/23/2022,2/6/2022
90656z,31524m,Digitized exuding database,3574.92,6/17/2022,7/16/2022
64009a,61235w,Advanced 5th generation task-force,249.75,11/15/2022,11/25/2022
28080b,98381j,Configurable methodical support,9611.79,2/11/2022,3/11/2022
34933j,94146a,Compatible demand-driven extranet,144.93,10/9/2022,10/24/2022
07216x,63822f,Polarised background encryption,1232.29,1/25/2022,2/18/2022
67934v,56570i,Reactive zero defect analyzer,3170.82,12/7/2022,1/5/2023
09493d,46361a,Multi-lateral exuding hierarchy,4324.95,1/20/2022,2/15/2022
88457u,18469u,User-centric scalable help-desk,6557.35,9/16/2022,9/29/2022
49392c,55812a,Cross-platform well-modulated implementation,3766.99,6/30/2022,7/16/2022
18182i,43149m,Open-architected demand-driven service-desk,8790.9,7/13/2022,7/23/2022
43825f,33565a,Profound transitional strategy,7137.78,10/29/2022,11/14/2022
15726z,45476z,Profit-focused asymmetric process improvement,3211.65,6/7/2022,7/5/2022
57851t,21140e,Optimized fault-tolerant frame,2826.82,4/15/2022,4/28/2022
37440z,38988v,Universal eco-centric flexibility,5197.33,9/16/2022,10/11/2022
37309h,20294x,Secured explicit leverage,9785.89,9/3/2022,9/24/2022
97349h,26969r,Self-enabling logistical flexibility,5583.65,1/16/2022,2/7/2022
12058h,99819g,Switchable tertiary protocol,3732.5,3/6/2022,3/29/2022
53357q,28198h,Organic logistical matrices,452.89,2/24/2022,3/7/2022
33638e,45512a,Implemented 4th generation parallelism,7580.84,12/11/2022,12/26/2022
93062h,54603a,Open-source high-level methodology,4952.0,4/29/2022,5/16/2022
06115u,98507s,Robust 24 hour software,107.4,4/9/2022,5/3/2022
36256b,40056c,Distributed 5th generation orchestration,8969.19,4/27/2022,5/9/2022
30968p,83569q,Versatile 24/7 service-desk,5391.98,4/1/2022,4/13/2022
96195m,40757q,Exclusive holistic function,9785.22,11/30/2022,12/23/2022
38844f,77580p,Cloned system-worthy task-force,1266.81,5/22/2022,6/18/2022
00015e,18335k,Advanced interactive projection,283.49,12/7/2022,1/2/2023
06299s,93146s,Virtual scalable flexibility,2287.0,3/8/2022,3/31/2022
26475k,97823y,Networked holistic framework,4132.64,3/16/2022,4/10/2022
50879q,05639j,Grass-roots solution-oriented model,1383.83,11/18/2022,12/12/2022
60172w,13157p,Front-line fresh-thinking throughput,1462.54,4/30/2022,5/14/2022
71160a,32350s,Organized 24/7 groupware,6356.08,5/18/2022,6/13/2022
13680a,44566q,Distributed fault-tolerant service-desk,2205.53,8/11/2022,8/24/2022
86763b,59645r,Inverse web-enabled monitoring,5999.18,10/15/2022,10/27/2022
30086k,15403o,Optional regional product,3624.17,7/2/2022,7/12/2022
01270e,84446l,Open-architected executive implementation,492.24,2/20/2022,3/4/2022
60029o,58255b,Compatible system-worthy project,189.82,9/24/2022,10/20/2022
30714p,59833p,Secured regional forecast,9678.0,12/6/2022,12/28/2022
22729f,35573q,Grass-roots logistical parallelism,6744.75,7/20/2022,8/7/2022
90731h,22173n,Ameliorated intangible application,4662.15,7/29/2022,8/18/2022
53852c,60546f,Multi-layered clear-thinking hierarchy,1980.39,5/1/2022,5/30/2022
41668d,91184s,Right-sized coherent product,5272.5,8/19/2022,9/11/2022
49143w,63869u,Optimized foreground workforce,6015.13,10/24/2022,11/4/2022
21187b,15983p,Enhanced homogeneous neural-net,1274.68,1/4/2022,1/31/2022
74067l,37918c,Implemented upward-trending access,5512.33,7/26/2022,8/23/2022
94735t,46904w,Mandatory cohesive application,1185.3,7/6/2022,7/16/2022
61193f,84095w,Open-source web-enabled model,5581.16,5/6/2022,5/21/2022
11059g,75637p,Object-based didactic customer loyalty,2444.44,7/9/2022,8/7/2022
94941f,43260x,Multi-lateral 24 hour alliance,9168.63,11/25/2022,12/24/2022
28937t,94974x,Expanded actuating migration,3812.44,12/1/2022,12/28/2022
79354m,16614h,Compatible 24 hour ability,5976.16,3/25/2022,4/8/2022
38185f,66613d,Multi-channelled methodical extranet,9379.7,2/3/2022,2/20/2022
07312u,73151n,Operative interactive complexity,7522.07,1/3/2022,1/27/2022
61034r,00800g,Grass-roots asynchronous projection,4311.6,7/30/2022,8/9/2022
46217u,61913h,Visionary context-sensitive orchestration,5044.03,1/15/2022,2/2/2022
97091h,94400e,Fundamental high-level website,4275.6,10/11/2022,10/28/2022
82357l,44074e,Total contextually-based system engine,7467.99,12/19/2022,12/29/2022
98908d,84666u,Object-based human-resource ability,9628.52,7/17/2022,7/29/2022
18867j,01694o,Fundamental content-based pricing structure,4455.88,4/3/2022,4/20/2022
02763v,22265x,Team-oriented national paradigm,3901.17,6/26/2022,7/14/2022
33181z,14622o,Multi-layered actuating instruction set,4884.9,10/1/2022,10/29/2022
05246u,21720r,Enterprise-wide fresh-thinking application,6138.15,1/20/2022,2/14/2022
59733l,42904b,Pre-emptive impactful leverage,9154.91,3/21/2022,4/12/2022
29646b,24609x,Reduced executive function,2010.56,8/16/2022,8/26/2022
71102g,51404b,Synergistic national productivity,8567.35,11/11/2022,11/30/2022
39192k,46693s,Networked methodical budgetary management,5939.67,7/20/2022,8/15/2022
08293u,95573q,Multi-tiered didactic encryption,3623.35,12/19/2022,1/4/2023
41869q,45638i,Pre-emptive background frame,3859.55,2/24/2022,3/22/2022
74209k,40350n,Ameliorated asynchronous initiative,2817.28,9/27/2022,10/24/2022
74091y,60477r,Synchronised real-time workforce,505.09,9/5/2022,9/28/2022
08898b,84963f,Diverse composite installation,1154.09,4/11/2022,4/21/2022
11036c,78110o,Advanced asynchronous local area network,3172.21,9/12/2022,10/4/2022
34288i,92454j,Networked maximized hub,215.87,8/8/2022,8/21/2022
28546i,15334y,Networked non-volatile groupware,8793.67,5/10/2022,5/30/2022
30864u,23125k,Ameliorated local task-force,2296.17,3/8/2022,3/24/2022
16525y,99549v,Future-proofed empowering info-mediaries,733.85,6/8/2022,7/2/2022
35066d,30208u,Pre-emptive client-driven hub,9634.17,1/15/2022,2/7/2022
01491q,50782l,Enhanced executive time-frame,5242.73,8/14/2022,8/28/2022
95072h,94531x,Vision-oriented eco-centric matrix,8115.62,8/2/2022,8/31/2022
89027u,62623d,Expanded context-sensitive internet solution,7208.9,7/1/2022,7/27/2022
07571x,43977j,Advanced disintermediate hierarchy,2250.47,4/25/2022,5/12/2022
57394u,71396g,Team-oriented 3rd generation open architecture,1862.76,8/27/2022,9/12/2022
91952y,70692p,Extended disintermediate matrix,1028.55,9/3/2022,9/21/2022
87257y,53368k,Fully-configurable zero administration function,8305.13,5/29/2022,6/16/2022
34519g,47390z,Seamless encompassing superstructure,4064.09,1/29/2022,2/9/2022
73319a,82121i,Distributed demand-driven migration,9926.51,9/3/2022,9/28/2022
88883o,75346o,Self-enabling tangible database,3642.53,3/15/2022,4/12/2022
97531u,76628z,Optimized hybrid neural-net,5472.16,6/13/2022,7/3/2022
39512a,84150j,Diverse 5th generation benchmark,8334.85,4/20/2022,5/7/2022
01587l,41647j,Assimilated human-resource infrastructure,7079.97,6/9/2022,7/7/2022
71814r,84421w,Virtual high-level moderator,5662.69,11/19/2022,12/19/2022
34357h,28905v,Multi-lateral disintermediate matrices,8187.59,7/15/2022,8/8/2022
99983e,58396m,Upgradable asymmetric approach,87.74,8/30/2022,9/25/2022
65769m,60558r,Reverse-engineered object-oriented algorithm,8366.04,4/3/2022,4/19/2022
00790m,34792n,Synergized 6th generation forecast,8215.08,4/24/2022,5/23/2022
35430r,12581x,Fully-configurable intermediate utilisation,6039.73,9/15/2022,9/25/2022
23181s,69132t,Vision-oriented well-modulated matrices,9544.27,3/2/2022,3/28/2022
52864d,96660l,De-engineered zero administration contingency,9898.12,12/15/2022,12/29/2022
38469a,48292l,Team-oriented tertiary approach,1173.35,8/31/2022,9/21/2022
18454r,95331y,Programmable didactic analyzer,9639.46,12/10/2022,1/2/2023
60435b,05114m,Proactive zero administration infrastructure,2624.14,10/4/2022,10/18/2022
72725b,11576m,Assimilated demand-driven productivity,2069.47,2/16/2022,2/28/2022
56580x,86129e,Decentralized full-range core,4654.55,5/24/2022,6/12/2022
18708m,25561n,Extended web-enabled Graphic Interface,1092.49,11/14/2022,12/11/2022
66013a,08363l,Assimilated responsive function,5003.15,1/3/2022,1/24/2022
03810z,31435s,Devolved exuding Graphic Interface,1474.5,9/16/2022,10/5/2022
43244x,39144a,Organic discrete strategy,178.47,12/24/2022,1/11/2023
52843y,32126x,Reverse-engineered tertiary algorithm,9533.18,5/27/2022,6/21/2022
60018r,19156n,Re-engineered dynamic moratorium,7763.35,6/22/2022,7/22/2022
58747h,02649b,Business-focused motivating paradigm,2805.35,11/8/2022,12/7/2022
55404z,26703x,Cross-group discrete forecast,4101.66,4/2/2022,4/28/2022
46881t,16280l,Team-oriented intermediate success,8883.24,7/7/2022,7/24/2022
65647r,48860p,Grass-roots dedicated migration,9703.27,3/27/2022,4/20/2022
19271r,62625i,Progressive holistic portal,7663.79,1/18/2022,2/13/2022
24601k,30649s,Advanced 3rd generation access,6020.07,2/10/2022,3/7/2022
39405j,98530v,Total real-time knowledge base,113.37,1/10/2022,1/22/2022
74601l,43350j,Profit-focused value-added Graphic Interface,6250.99,12/1/2022,12/14/2022
10670t,92217c,Advanced clear-thinking attitude,8040.39,9/9/2022,9/19/2022
28126e,34459z,Secured needs-based migration,8822.94,7/29/2022,8/18/2022
57011o,73846x,Multi-channelled impactful strategy,7492.45,6/11/2022,7/8/2022
57821w,79435s,Versatile dedicated array,8677.38,3/2/2022,3/23/2022
05227p,55729j,Synergized methodical hardware,9689.36,2/9/2022,3/4/2022
32716v,96253p,Multi-lateral hybrid intranet,2797.39,4/8/2022,5/4/2022
19560a,30600r,Diverse optimizing architecture,2366.58,10/26/2022,11/9/2022
53780e,57284b,Fundamental scalable array,684.28,11/6/2022,11/20/2022
92600o,12707t,Organic client-server initiative,7293.34,5/17/2022,6/9/2022
24949v,06627g,Profound bottom-line utilisation,3607.82,7/23/2022,8/4/2022
38487q,37127x,Open-source exuding benchmark,4968.18,11/29/2022,12/13/2022
03954w,28675l,Extended holistic array,2763.63,3/10/2022,4/6/2022
73265f,87296b,Synergized coherent productivity,7319.23,7/14/2022,8/1/2022
58528a,73775z,Self-enabling explicit open system,2898.03,9/4/2022,9/27/2022
97329o,67913b,Robust real-time adapter,1930.02,5/1/2022,5/21/2022
12350j,21381p,Re-engineered uniform approach,8453.52,4/9/2022,4/30/2022
96657k,12420e,Grass-roots background website,3229.77,2/8/2022,3/10/2022
25275w,56923y,Fully-configurable reciprocal moratorium,1122.24,5/13/2022,6/11/2022
71520j,78150b,Secured clear-thinking time-frame,9652.31,9/26/2022,10/21/2022
57349s,87085t,Diverse discrete workforce,8570.31,4/27/2022,5/14/2022
68504v,83957g,Reduced human-resource product,868.77,2/12/2022,3/6/2022
73531a,51208v,Function-based incremental help-desk,4055.5,6/23/2022,7/5/2022
28315f,17208c,Object-based secondary open architecture,5229.48,10/21/2022,11/19/2022
72771u,19078e,Devolved exuding orchestration,7882.86,12/24/2022,1/13/2023
30825f,29178r,Multi-channelled 24 hour architecture,6560.17,3/9/2022,4/2/2022
29443c,74222r,Function-based background knowledge user,4319.2,4/19/2022,5/13/2022
30850y,63086x,Digitized global collaboration,9023.08,10/17/2022,11/8/2022
92292c,40455f,Ameliorated demand-driven analyzer,9743.7,7/13/2022,8/6/2022
03342r,85836s,Balanced 4th generation approach,2461.7,2/16/2022,3/9/2022
69187g,57551o,Multi-layered maximized service-desk,8492.14,5/29/2022,6/17/2022
86110h,55758h,Reactive dynamic installation,3762.33,9/8/2022,10/7/2022
38620w,18836y,Persevering multimedia artificial intelligence,4069.95,1/12/2022,1/23/2022
47941v,97748u,Universal systemic open system,1719.62,3/23/2022,4/6/2022
16491j,19640e,Realigned contextually-based analyzer,4718.7,7/31/2022,8/21/2022
87123l,55004n,Down-sized leading edge capability,1667.07,3/25/2022,4/5/2022
86346y,77815s,Pre-emptive regional hardware,5823.37,6/2/2022,7/2/2022
72297t,01008b,Virtual 5th generation neural-net,5047.87,7/5/2022,7/24/2022
59098o,87171d,Pre-emptive intermediate firmware,3095.1,10/18/2022,10/30/2022
94084v,03164h,Cloned composite initiative,8000.13,2/27/2022,3/27/2022
69478f,33590f,Ergonomic heuristic intranet,4839.77,2/21/2022,3/23/2022
02913e,00874i,Stand-alone real-time product,6174.5,4/20/2022,5/9/2022
77421a,55919c,Synergistic 4th generation archive,6463.05,2/6/2022,2/26/2022
20941r,30354z,Assimilated upward-trending productivity,6075.35,3/18/2022,4/8/2022
44669w,53543u,Polarised methodical emulation,3910.03,1/7/2022,1/18/2022
19033d,23965d,Managed bi-directional solution,239.53,9/2/2022,9/19/2022
90217j,90474w,Multi-lateral scalable frame,3030.0,4/1/2022,4/18/2022
12813r,71583z,Diverse non-volatile open architecture,5677.75,10/19/2022,10/30/2022
29020v,16257c,Realigned reciprocal archive,2022.53,12/22/2022,1/6/2023
73730n,59048o,Right-sized asynchronous model,1231.65,10/11/2022,11/8/2022
41874a,86066y,Balanced contextually-based parallelism,3593.15,1/14/2022,2/1/2022
21507a,02852c,Open-architected multimedia matrices,8600.9,4/18/2022,5/9/2022
15810h,71150r,Universal web-enabled data-warehouse,204.26,12/19/2022,1/13/2023
87296r,16146k,Ameliorated zero administration extranet,5751.52,1/13/2022,2/3/2022
02700z,48597y,Intuitive secondary productivity,8674.54,1/7/2022,2/5/2022
06575j,53252w,Cloned object-oriented knowledge base,9316.99,8/7/2022,8/27/2022
91256e,92321l,Networked static concept,3304.55,10/7/2022,11/6/2022
03715f,59377d,Right-sized analyzing complexity,4127.08,9/5/2022,9/20/2022
66119w,43573w,Integrated client-driven parallelism,3226.33,6/23/2022,7/20/2022
12031e,42043q,Mandatory directional frame,1424.64,6/7/2022,7/5/2022
23204c,92911i,Ameliorated object-oriented forecast,2247.42,7/27/2022,8/19/2022
27809m,65960w,Seamless holistic open architecture,9845.74,8/14/2022,9/12/2022
95670o,74346i,Synergistic uniform paradigm,5147.61,3/8/2022,3/19/2022
42103t,53155x,Diverse radical solution,600.69,9/13/2022,9/27/2022
86678v,87582s,Multi-lateral encompassing database,9689.1,12/11/2022,1/10/2023
36194b,31013v,Versatile even-keeled flexibility,410.53,3/20/2022,4/15/2022
68157u,00694p,Switchable object-oriented forecast,3041.59,4/12/2022,4/22/2022
35479a,42117l,Diverse explicit adapter,9392.51,9/12/2022,10/1/2022
02492y,30811z,Face to face asymmetric capability,6369.01,3/1/2022,3/21/2022
53265h,74802f,Organic encompassing initiative,7986.11,7/10/2022,7/24/2022
92007l,12208a,Face to face background matrix,5070.0,12/3/2022,12/26/2022
39296q,37827r,Streamlined zero administration archive,3592.43,11/28/2022,12/28/2022
09740q,92607g,Reactive eco-centric capability,8934.75,6/9/2022,7/1/2022
32753k,14105l,Multi-lateral grid-enabled flexibility,7352.33,1/10/2022,2/5/2022
30041r,70408a,Front-line executive policy,1225.47,4/27/2022,5/13/2022
86605g,13140g,Horizontal systematic function,9344.43,1/10/2022,1/28/2022
15546c,91940h,Re-contextualized needs-based encoding,8091.17,3/9/2022,3/21/2022
09734u,99823d,Face to face human-resource budgetary management,2584.93,6/1/2022,7/1/2022
03955m,73361n,Networked coherent monitoring,9339.07,10/17/2022,11/15/2022
28681r,68048e,Total multimedia complexity,9046.97,1/7/2022,2/2/2022
26434g,09770s,Team-oriented reciprocal methodology,877.46,10/18/2022,11/8/2022
87014m,04402k,Configurable 4th generation migration,2442.73,12/17/2022,1/6/2023
81393d,52976n,Quality-focused fault-tolerant framework,1874.65,7/28/2022,8/14/2022
01676x,89868w,Centralized zero tolerance extranet,3471.84,7/13/2022,8/11/2022
18041i,35982m,Persistent zero defect model,335.65,3/31/2022,4/10/2022
85852v,93835c,Exclusive bandwidth-monitored conglomeration,9610.8,9/11/2022,10/7/2022
06694l,66566j,Streamlined zero administration matrix,8051.34,5/2/2022,5/28/2022
82744g,36440s,Reactive hybrid info-mediaries,2850.13,12/16/2022,1/1/2023
76516o,81776y,Inverse mission-critical monitoring,6535.26,6/14/2022,7/10/2022
96281f,96442i,Progressive local groupware,7640.99,6/29/2022,7/16/2022
80812g,52608e,Realigned upward-trending infrastructure,3926.74,5/18/2022,6/5/2022
74460i,31869n,Managed grid-enabled protocol,7318.34,12/11/2022,1/3/2023
01737z,73944q,Re-engineered non-volatile focus group,3779.02,8/14/2022,9/4/2022
16545n,97439a,Multi-channelled fresh-thinking moratorium,1310.11,8/6/2022,8/22/2022
58229s,34519m,Progressive eco-centric structure,2368.11,9/19/2022,10/19/2022
80874e,48209v,Synchronised intermediate knowledge user,3421.93,3/31/2022,4/28/2022
89385e,39089o,Intuitive intermediate success,9941.69,9/26/2022,10/12/2022
76089w,31638b,Secured zero administration service-desk,2837.39,2/15/2022,3/13/2022
81333x,66006u,Synchronised system-worthy time-frame,6162.21,9/1/2022,9/15/2022
95996q,59350x,Cross-group foreground adapter,6400.6,11/30/2022,12/27/2022
48990g,51789y,Reduced dedicated algorithm,1198.76,6/27/2022,7/21/2022
59427i,74667m,Realigned 4th generation algorithm,6596.31,12/13/2022,1/5/2023
85389p,26840c,Cloned analyzing collaboration,2439.04,7/20/2022,8/2/2022
59154o,55889g,Cross-platform system-worthy time-frame,50.16,7/29/2022,8/27/2022
99829n,11605w,Cross-platform next generation forecast,9077.89,1/27/2022,2/14/2022
95664k,74265g,Multi-tiered cohesive pricing structure,147.18,12/1/2022,12/30/2022
63073e,40735z,Programmable asynchronous encoding,8944.82,2/12/2022,3/14/2022
74140i,50379c,Decentralized client-driven success,6352.1,8/2/2022,8/24/2022
52911n,69606b,Decentralized asynchronous support,5543.37,3/22/2022,4/16/2022
93421s,51015l,Organized real-time data-warehouse,6442.9,2/17/2022,3/18/2022
69122w,21777l,Object-based real-time strategy,6581.26,1/4/2022,1/27/2022
81544r,50938u,Integrated multimedia migration,34.43,12/1/2022,12/21/2022
65501i,15410m,Managed maximized architecture,5211.77,8/19/2022,9/6/2022
69182h,75570t,Persistent intermediate instruction set,1757.37,5/26/2022,6/23/2022
94230m,70212v,Business-focused regional capacity,1004.67,11/15/2022,11/25/2022
74292u,88029y,Configurable executive focus group,3503.97,1/30/2022,2/24/2022
44251l,21366p,Cross-platform multi-state Graphical User Interface,2705.22,6/4/2022,6/16/2022
01405k,13202h,Switchable composite access,6325.11,7/30/2022,8/18/2022
06019w,06778j,Re-engineered composite solution,5441.35,3/11/2022,4/10/2022
69659t,19232k,Configurable demand-driven neural-net,5780.87,3/14/2022,3/29/2022
69186j,62861i,Function-based impactful contingency,3732.34,12/24/2022,1/10/2023
66810z,37026h,Secured zero administration product,8960.91,2/2/2022,2/27/2022
17228x,73394r,Open-source dynamic productivity,2231.54,12/24/2022,1/6/2023
01443p,72853d,Configurable methodical Graphical User Interface,8202.13,6/4/2022,6/21/2022
67533u,92608w,Exclusive logistical help-desk,8737.08,3/28/2022,4/26/2022
94747s,40509l,Visionary interactive data-warehouse,7383.54,8/2/2022,8/15/2022
48522t,52176j,Adaptive context-sensitive support,8617.89,7/31/2022,8/21/2022
35989q,40716m,Decentralized attitude-oriented encryption,902.04,6/6/2022,7/1/2022
78980k,13896v,User-centric object-oriented product,1633.55,3/3/2022,3/24/2022
07835h,35301g,Reverse-engineered asymmetric approach,139.54,6/7/2022,6/20/2022
02312u,21268t,Public-key holistic installation,3538.6,10/16/2022,10/29/2022
29895q,67036y,Down-sized bottom-line approach,1320.75,7/26/2022,8/25/2022
48559k,82983d,Self-enabling methodical secured line,2929.51,1/12/2022,2/11/2022
78786b,72239a,Re-engineered stable database,6027.8,5/17/2022,6/11/2022
75885z,01153p,Seamless human-resource artificial intelligence,4356.48,2/6/2022,2/25/2022
80863c,36061l,Monitored exuding help-desk,219.64,7/13/2022,8/3/2022
60039f,58094y,Total bottom-line throughput,6228.01,3/11/2022,3/29/2022
06900e,84596n,Cross-group maximized support,750.2,1/26/2022,2/19/2022
20290u,11634s,Proactive incremental collaboration,104.18,5/14/2022,6/7/2022
12939v,54029q,Open-source multimedia policy,640.74,12/10/2022,1/7/2023
80121a,52191i,Upgradable client-server core,7829.13,6/12/2022,6/30/2022
20361z,14677u,Pre-emptive hybrid protocol,5449.51,11/12/2022,12/6/2022
58235q,16555v,Diverse dynamic instruction set,7934.73,6/13/2022,7/4/2022
82397o,46485b,Open-architected interactive collaboration,8790.67,12/13/2022,1/3/2023
03266k,20883l,Decentralized asymmetric Graphical User Interface,4036.94,10/8/2022,11/5/2022
10102o,58497k,Organic uniform attitude,3665.39,1/2/2022,1/22/2022
42441c,61997g,Reverse-engineered intermediate utilisation,3731.97,8/22/2022,9/20/2022
17582j,52707j,Reactive static model,2855.91,7/30/2022,8/11/2022
62067i,63295j,Horizontal holistic open system,175.97,10/26/2022,11/12/2022
80237w,42598q,Multi-lateral stable focus group,7317.28,12/13/2022,1/2/2023
49697n,67187s,Universal multi-state conglomeration,3816.81,1/13/2022,1/28/2022
09755n,24590r,Realigned needs-based help-desk,61.81,5/20/2022,6/8/2022
59094n,49991f,Cross-group dedicated success,5289.4,9/14/2022,9/27/2022
39106c,30865k,Optimized exuding methodology,4332.81,4/29/2022,5/29/2022
88294h,57191x,Synergistic dedicated portal,2989.54,4/29/2022,5/26/2022
30771e,61715f,Upgradable attitude-oriented circuit,8354.07,7/20/2022,8/18/2022
18696s,97308y,Implemented upward-trending superstructure,9457.48,10/3/2022,10/20/2022
63718p,06269d,Balanced zero administration complexity,9738.27,10/3/2022,10/28/2022
04097t,95379f,Balanced contextually-based help-desk,2605.47,5/8/2022,5/31/2022
22194r,24998z,Mandatory fresh-thinking productivity,5958.43,9/30/2022,10/14/2022
34355k,83508s,Monitored maximized encryption,6357.94,7/15/2022,8/2/2022
42684x,57492l,User-centric logistical open architecture,7661.43,12/11/2022,1/8/2023
19667n,20264j,Upgradable actuating ability,9302.05,9/20/2022,10/10/2022
31312q,93064o,De-engineered client-driven approach,4711.05,4/28/2022,5/14/2022
61731k,29261x,Business-focused attitude-oriented monitoring,3603.86,12/18/2022,1/8/2023
50676x,25679e,Operative leading edge frame,5408.8,3/3/2022,3/17/2022
33720f,81992i,User-centric stable process improvement,9610.44,9/30/2022,10/24/2022
46461e,70110s,Multi-lateral transitional hardware,8247.77,10/2/2022,10/18/2022
90772e,31672o,Object-based foreground monitoring,3748.26,4/1/2022,4/28/2022
52667z,40682c,Exclusive optimizing forecast,3973.72,1/22/2022,2/1/2022
70288j,63743e,Monitored object-oriented hub,7304.6,11/26/2022,12/6/2022
50640p,96154u,Configurable encompassing application,7513.73,9/22/2022,10/11/2022
31720x,23449e,User-friendly local structure,3481.5,10/10/2022,10/26/2022
69914c,92844c,Phased attitude-oriented budgetary management,9592.03,3/23/2022,4/14/2022
33308m,30061x,Horizontal maximized paradigm,104.94,5/13/2022,5/25/2022
84299w,87562v,Team-oriented foreground portal,2616.97,11/10/2022,12/9/2022
37874p,61860p,Virtual bi-directional function,6246.73,8/20/2022,9/3/2022
94806p,62677a,De-engineered intangible approach,9089.64,8/24/2022,9/19/2022
26768q,75778r,Reverse-engineered dedicated intranet,8361.72,1/25/2022,2/18/2022
44817w,56921s,Distributed radical contingency,1920.13,3/15/2022,4/12/2022
33373w,12609a,Versatile zero administration attitude,6188.5,2/3/2022,3/5/2022
48377j,21752q,Multi-channelled user-facing productivity,2437.93,8/26/2022,9/16/2022
52228x,91500i,Multi-channelled value-added open system,1131.01,1/14/2022,2/7/2022
02400y,48054m,Reactive bottom-line service-desk,6383.89,10/4/2022,10/28/2022
64952m,54097s,Fundamental zero defect capability,1688.69,10/11/2022,10/26/2022
46676x,98914d,Multi-lateral systematic function,6014.17,6/18/2022,7/1/2022
24597o,91228b,Front-line 24/7 concept,5267.09,10/2/2022,10/18/2022
92962k,15478x,Object-based optimizing migration,5458.11,1/24/2022,2/9/2022
88070z,12456k,Self-enabling multi-tasking workforce,2583.92,6/4/2022,6/21/2022
88746j,74320l,Proactive systematic utilisation,2452.47,8/8/2022,8/21/2022
77625y,28626r,Multi-tiered zero defect help-desk,2388.83,9/2/2022,9/25/2022
10840z,79850s,Triple-buffered tangible instruction set,8751.09,5/20/2022,6/5/2022
48610w,50603a,Optional mobile info-mediaries,7411.67,5/23/2022,6/6/2022
05676a,22948e,Innovative optimal paradigm,3990.95,6/27/2022,7/22/2022
36345l,96701x,Fundamental zero administration protocol,9138.38,10/24/2022,11/5/2022
15744b,82325g,Compatible well-modulated open architecture,559.62,11/7/2022,12/2/2022
46253u,58599c,Organized holistic attitude,3609.01,7/24/2022,8/3/2022
44595f,76900n,Exclusive real-time installation,2243.21,2/2/2022,2/21/2022
17530x,35397e,Organized system-worthy process improvement,7799.31,4/1/2022,4/23/2022
00023b,84804m,Future-proofed discrete function,8978.97,5/26/2022,6/6/2022
83100d,44520g,Business-focused analyzing strategy,892.49,2/27/2022,3/13/2022
59946k,13883f,Exclusive mobile focus group,3593.79,6/12/2022,6/25/2022
20526n,89333e,Programmable zero defect matrices,362.42,6/6/2022,7/6/2022
06163f,80553m,Programmable national approach,6458.47,3/12/2022,3/22/2022
34878p,03304s,De-engineered zero administration project,755.72,11/25/2022,12/19/2022
43115s,46124m,Digitized solution-oriented adapter,8232.88,8/4/2022,8/25/2022
18864i,19747v,Reactive exuding local area network,6412.73,2/26/2022,3/9/2022
32693k,44154a,Managed bandwidth-monitored software,3485.18,10/13/2022,11/11/2022
